,word_ngram_freq,volume_ngram_freq,freq
goal,44303157,5761398,1
al,189349849,9625942,1
reasons,77424645,8729693,1
useful,78871232,8070816,1
even,677507335,19797903,3
way,559785767,13629573,1
witnesses,16976352,3337385,2
alternative,50908630,8499118,1
sinc,62690,24512,1
decides,6311811,2548017,1
cofinite,1836,601,2
one,2148983086,34727456,4
fact,303323018,10182969,3
non,146456349,13685831,10
ali,9120158,1200530,1
mecom,35509,7009,1
ena,323955,129692,1
vrt,36371,18478,1
contact,72897350,8978931,1
innocuous,1255858,839248,1
related,118838205,11085603,1
om,3440620,1137995,3
constructible,37927,12690,2
tregular,53,42,3
empty,32665681,6684854,6
notion,37572761,4773454,1
simpler,7923713,3103943,2
fix,13932019,4892146,3
conclude,20015021,4608654,4
definable,894524,540650,5
use,535798133,19210819,8
mc,5121221,1273600,1
however,519207264,15744927,10
typical,49958657,7565678,1
jenmin,10730,3079,1
equivalently,580767,267302,1
dq2,6479,3118,1
transparent,9378426,2830303,1
full,197457082,12098127,13
among,321351351,14735070,1
eo,1999625,763628,1
nyu,293472,111378,1
hidden,26007267,7534529,1
mt2,15979,6341,7
argument,64366769,6429945,4
real,181565857,12386952,5
moscow,21965978,1662104,1
force,179566043,13083130,2
form,352032932,15622654,2
mt,8459417,1848973,13
russia,47573665,3105992,1
fthm,301,178,1
wlog,1428,938,2
dense,12484014,3121740,14
opposite,54155767,8982874,2
otherwise,73189721,10811781,7
perhaps,192537809,14134205,1
formula,31449322,4462206,2
erh,191009,51588,2
cai,829477,263430,1
complex,86083324,8560914,1
towards,111513874,8859422,3
indeed,147261279,12327624,4
maps,18313633,3685449,1
zza,4836,2852,1
infer,5467259,2012771,1
forces,103159527,8918153,35
singleton,1136015,309747,1
rod,15006416,2844993,1
idga,731,569,1
ffull,2878,1651,1
inherits,839565,459089,1
preserving,8026482,3466144,1
cs,4743687,1038994,1
onto,33124930,4344981,3
reals,340829,92940,18
follow,92875751,10715460,1
stre,73633,57542,1
underline,1797344,891554,1
thus,352803269,14729206,15
res,17054203,1892747,1
get,318321184,11798719,1
true,209902030,12809911,14
satisfies,3761938,1412390,4
suffices,1681444,895809,7
bpri,1676,280,1
solovay,14350,7073,16
classes,65300245,7107582,3
closure,7745182,1688283,1
already,198197475,11622752,2
image,83929870,7386980,1
equivalent,38432678,6888308,18
support,182544724,13187091,1
arguments,33356218,5473400,1
overall,40338124,5963217,1
arguing,8334583,3143787,1
equality,23099883,4023124,1
possible,272346265,10240460,1
density,39511815,3189844,1
sext,81451,37479,1
compare,30579346,7604316,1
tlevy,56,44,1
mlsp,3885,564,1
parameters,29722909,2515444,1
sgna,1272,290,1
collapse,13682365,3987334,2
eqn,1261759,70729,1
mcles,447,436,1
bre,252801,99287,2
choose,48894515,7583913,1
implicitly,5471996,2173422,1
holds,30017703,6748161,6
tequivalent,357,284,2
components,47003928,4266183,1
separate,76484418,10597054,1
key,83552147,11203703,1
gnar,2077,1129,1
set,302361340,16680260,110
answer,109738829,12189169,1
assumption,32429347,5142748,5
satisfying,8057842,3586557,12
mod,2346247,778709,2
weaker,7648709,3131454,1
ccc,1055052,232046,1
assume,48350191,7225765,33
bijection,37933,10547,4
minimal,12879519,3179372,1
partial,29714766,6212092,1
arh2,201,147,1
modification,14995214,3786524,1
existence,89086621,7550735,2
pairs,17446014,3330587,9
za,1367635,450274,1
mgga,811,254,1
enable,28237512,5469464,1
squa,19325,14611,1
replace,19007815,5223738,2
edu,538884,281320,1
arl,229641,87456,1
models,58647771,5765729,1
element,61321484,6964865,7
called,329762185,12093419,1
let,231529250,14821442,54
mio,711933,240340,1
limit,44392003,8227075,1
smod,2638,1098,1
canonical,3710189,860204,2
consist,18576135,4348992,2
ri,3790835,1599806,1
elements,96488567,8395980,8
condition,115246769,8799218,18
contain,48392464,6465106,2
example,313505718,10241053,3
website,5063735,1096536,1
http,1850617,290198,2
anymore,6870234,1647120,1
forced,55369682,8392798,1
restricted,23172636,5966655,1
proved,54494328,6875313,2
unboundedness,20701,12723,1
sequences,12273087,1748095,1
lebesgue,88948,18951,1
completes,2956537,1538821,1
ext1,1723,745,2
order,360669813,14973133,1
problem,207066989,11146928,2
model,155409143,10026034,19
bez,108631,45923,1
recall,25444604,6675965,5
straightforwardly,440095,287612,1
fdouble,53,47,2
tinterpretation,153,129,1
generalize,1932678,989841,1
easily,85185742,8231420,4
conversely,7084155,3121303,1
ppe,194110,42760,1
continue,72786692,8550685,1
ere,6429478,2476695,2
surprisingly,9573883,4089502,1
always,289326176,11420302,1
theorems,1740546,422006,1
tcomponent,6525,506,1
containing,53034057,6669981,25
sdnr,1126,115,1
conditions,182610089,9805520,3
associated,101716328,9027400,1
assert,11184356,3298568,1
ground,136169686,11635901,2
ketchersid,644,402,1
ie,5005844,2009909,1
acl,612145,107895,1
compatible,8866777,2694505,7
arbitrary,15962852,3791049,2
skonk,1143,684,1
present,313754008,19092690,1
differens,25763,17519,1
according,178815411,13820622,1
least,219366839,9315507,3
inaccessible,3261088,1801436,1
ba,6146223,1719996,1
c,243374626,14678573,9
name,253016135,14123875,42
representation,41332217,5525612,1
cardinality,353456,63181,3
class,193633305,11898790,1
transitive,1435443,270011,2
working,149602561,14589801,1
tali,423302,174168,1
immediately,92279838,10416899,3
extends,14637350,3904141,2
tool,29950175,4956754,2
apply,58019012,7218873,3
jensen,2877686,667038,1
paper,135586065,11327995,2
equal,103238744,9282106,1
first,923189150,27967072,5
without,465581954,15757238,1
midg,571,359,1
flemma,2837,1473,1
system,428655277,12775482,2
general,450612588,19409510,1
follows,85545433,7264109,27
countable,296779,105236,10
similarly,38390517,7840036,3
verify,6210513,2322049,1
fn,2246376,652811,2
particular,188618420,9742426,9
belong,27711699,5784558,6
tcan,6779,5693,1
perfect,58282715,8095854,2
tfull,766,678,2
zermelo,70932,10614,1
dq1,2041,1312,9
induction,12011486,1836532,1
b,239260173,13099169,8
eco,1884478,655689,1
vladimir,2824104,523869,1
discussed,75791362,6687670,1
properties,64066475,5256912,1
simplify,3594130,1674424,1
rank,32214611,6711902,1
cut,103037571,13162176,2
specified,31416699,4311460,1
subsets,1477325,371640,2
anyway,18991677,4365986,1
absolute,46857273,7426451,1
equivalence,3440955,867114,8
sus2,1911,1361,1
less,337388744,16520466,1
important,318798581,11010443,1
show,178523179,14009350,4
stabilizing,2070991,999894,7
whenever,33644616,9318155,2
decide,33687872,6470439,1
leat,68741,34693,1
questions,120973232,10418274,1
note,145170586,18009338,11
obtained,105602979,6672560,1
since,371590865,16526536,11
second,316484908,20149711,2
mfn,319675,44718,1
closed,59054121,9540920,3
includes,54737180,7926714,1
gga,47289,15449,3
resr,7545,4558,1
pick,24192973,6427724,1
bvo,435794,32654,1
ramified,227753,146950,2
refer,36885043,6387041,2
unbounded,1916304,1016270,2
aio,86090,55489,1
rh1,5651,3217,3
fails,16094970,4424080,1
different,381761001,12077292,1
question,222529720,12539097,2
represent,54521326,6653648,1
thm,124244,61579,1
plan,133951245,11782921,1
symbol,25014244,4637984,1
zzzz,23279,9552,1
filter,18130087,2374876,1
background,47910118,7913185,1
basic,102960618,9460385,2
inc,3635926,1004659,1
assumed,52011524,7444145,2
strictly,20983905,6134322,4
fom,151552,89871,3
obvious,50765830,6863910,2
section,202298684,11040758,5
sus3,859,411,1
say,310063047,11304825,2
sus,2482232,627400,1
definition,59510174,6874996,15
mass1,3880,3376,1
hull,8374388,1773959,2
cds,1943110,447052,1
pairwise,554700,175181,2
rh2,13620,5262,4
large,342399659,12783794,1
following,282890287,19140937,6
contradiction,10058206,2902590,3
g,67743309,8476422,2
identified,46924265,5746431,1
mdq,7249,1676,1
main,135766466,10949263,1
renu,57069,17699,1
certain,255354603,12433819,1
zzap,971,142,1
turns,29719923,7393854,1
pair,35236589,5592910,34
pipermail,168,145,1
puts,17109323,4946433,1
choice,78633933,9423545,6
direction,100827132,8752105,2
mtl,92739,25886,1
mean,146013228,13832698,1
induces,3540034,1377378,1
bigger,10827800,3718107,2
default,15793650,1941697,2
ordered,46838880,6333944,1
submodel,119674,25650,3
partially,18494628,5086623,1
zzn,1044,458,1
satisfy,19546973,5020542,2
iff,1221669,522102,5
iitp,416,257,1
reduction,45984072,5492415,1
resp,630711,184590,5
action,212759202,11353878,2
initiated,14457120,3874902,1
argue,22990660,4404762,3
regular,56846646,8239858,23
hovever,12374,8949,1
larger,89837443,8593533,1
shows,113416183,10212987,3
instead,118485329,14029654,1
fnd,38818,24674,1
finally,124762454,13822444,10
simt,4712,3089,1
reasonably,16713620,4226399,1
mostowski,14090,4727,1
case,416258729,13051531,11
contrary,45728254,8050798,5
incompatible,6066855,2319696,2
number,421670920,13997815,1
july,91750068,6099633,1
mod3,2306,1001,2
countably,46983,15192,2
enayat,14410,6327,1
measurable,3473341,1467214,1
resq,3504,1490,2
allows,36236343,5141805,1
prove,48293856,7134130,27
stern,11776307,3712529,2
type,200474855,12488967,1
factors,104238296,7300757,1
therefore,256680119,13269473,19
unless,81484257,11182200,1
imply,13501063,3802417,1
modified,26606484,6220167,1
contained,49233292,6909695,1
mgg,42467,10963,1
suppose,55746581,7367396,12
work,621797228,19617305,1
cl,5641995,1520303,1
step,93522951,12149990,1
make,502804979,14062409,3
assumptions,21285705,3526673,2
moreover,57580480,7900346,4
words,227368818,10547827,1
products,92985765,6678148,1
ends,44237972,8986314,2
ffinal,220,197,1
increasing,69530493,8946258,6
contains,62770963,6657814,13
march,111017382,9949290,1
consists,45437909,5589105,4
theorem,9514692,1127071,29
rh,3318531,618948,8
e,155009877,14369374,2
ordinals,98542,28304,1
ssus,9310,3364,1
compatibility,3319759,1046311,1
elementary,21698050,4390242,3
intersects,978174,435810,1
regularity,4662056,2153586,6
universe,30327449,4240341,1
introduces,6515635,2675703,1
mod2,5617,2070,2
merh,3906,1819,1
every,393306866,15642743,5
gives,93485484,8324899,1
ordinary,61059033,7669829,1
rh3,3054,1599,1
proof,41818941,7193433,11
sets,39931737,8217991,40
proves,9565642,3493435,1
lemm,27869,8474,1
talways,438,387,1
vo3,3148,1878,2
necessarily,45327781,6447360,3
dq,412178,164205,9
identity,51717658,5870291,4
see,846494292,17881391,8
names,73408991,9014913,30
p,106894432,10044643,1
implication,8804162,2911347,1
k,60478290,7864990,6
sus1,3294,3102,3
mfnd,871,814,1
caicedo,19235,6328,1
ingredient,3832837,1658074,3
product,96228667,7428700,7
based,197020666,11755792,1
shrinking,2646808,1645612,1
negative,68431010,7054050,1
generally,139841620,10600797,3
formulas,7870234,1831961,1
shortcoming,766576,555207,1
stronger,22873348,5999040,4
accomplishing,2710520,1620751,1
together,202762516,12159448,1
jul,1828368,518810,1
simple,122864411,11174406,2
r,97228768,14156513,2
pretty,41734916,7069014,1
avo2,1192,369,1
result,199933678,11356831,2
particularly,121435155,9153222,1
mqq,623,480,1
course,267248526,10317985,1
ac,12521041,3427666,2
proofs,7276625,2154841,1
cc,8517948,1526690,1
mvo,24985,10068,1
superposition,1279048,333636,2
furthermore,32685805,5692866,1
aali,21662,7069,1
carry,67589761,8529410,1
next,219433560,16142000,5
topen,3042,1922,1
remark,16315878,4662586,2
sentence,43722167,4987916,1
belongs,19379024,4843839,14
zzp,5452,616,5
sfre,2830,892,1
dec,5533151,1338591,1
lemma,1565008,206975,53
modify,10715777,3169441,1
footnote,5023791,1648947,1
finite,14676449,2011921,5
asserted,13319983,3274020,1
sense,197220509,10436941,5
clear,155451094,11394888,1
idg,174233,32722,1
aio2,658,303,1
projective,1522387,301633,1
trivial,6867993,2817997,1
required,157770281,9667102,8
qq,238901,109616,1
profound,19591505,4708210,1
continuum,6132264,1599050,1
simply,110224005,9224022,4
tdouble,274,186,1
need,273479350,14462712,2
contradicts,1703872,1025291,1
shall,343397728,9431615,2
determinacy,173701,61227,1
eta,1277613,396254,2
author,99092074,11099992,1
strong,138949457,10515454,1
speaking,58740614,10569923,1
relation,90003036,8309114,2
considered,151545059,9321530,1
mppe,8042,1824,1
convenient,20500469,5036158,1
consider,103396986,10203527,13
mrh,11880,5527,1
solo,5673740,1436325,3
lsp,242678,33797,2
claim,71229695,8753055,7
zzc,344,235,2
club,39030470,6312968,5
define,30503877,5267163,14
corollary,2850919,1384830,11
notation,7407084,1517846,3
fthe,143203,110450,1
hand,297264744,15152881,9
identify,38898150,5913232,1
open,184266698,16419271,3
bp,4386037,779814,15
cardinal,14402236,2922319,1
com,13673878,4288315,1
tnames,562,413,1
sequence,40686559,4534243,7
restriction,11225444,2924559,4
mmt,161724,44144,1
ggc,17097,7349,1
gg,920475,337828,1
html,4800516,470036,1
cases,207684567,9178315,1
parameter,17379139,1541115,3
ordinal,1356750,353982,13
obviously,39656429,8654223,2
basically,11918096,4251982,2
remains,75547626,9045757,1
net,53696846,6670068,1
yet,298106656,19909432,2
intended,60016193,8434272,1
inverse,6205230,1626418,2
cles,142239,113040,1
coincides,2655297,1303615,1
tunique,7425,4739,1
ass1,1616,1217,2
original,114070624,10226344,1
essential,74121670,7947500,1
io,4641680,2298017,10
us,516975345,10171508,2
construction,78888353,7970591,7
many,732675942,17515582,4
ras,2114439,427975,1
end,318429766,17601459,1
practice,140702777,12004313,1
cimage,420,130,1
addition,115111424,8064434,4
conjectured,1155015,670714,1
extension,36358010,6244957,4
check,53673380,9556507,3
double,60894167,10718422,42
known,242748318,12283438,4
converse,4653010,2306210,1
subset,3761751,806977,4
genericity,33731,12215,7
property,142167084,8366875,4
exists,40466775,6021585,2
md,7730845,1525167,2
kl,1453321,560125,2
solved,12581170,3949971,1
remarks,27185141,6695814,1
means,261935832,14101056,1
establish,47704740,6871521,3
se,30523166,5131010,1
mmtl,789,291,1
call,138858263,13717294,1
forcing,8839540,3721867,14
successive,16571942,4457673,1
defined,79139469,7706934,8
consistent,34837340,5823676,1
miit,6767,4400,1
map,39422735,6117451,4
extended,51285992,9475617,1
extend,26582505,5857886,1
verification,5779487,1685856,2
proposition,19863736,3577062,1
generic,8678832,2078344,104
explained,53735335,7111518,1
represents,43905339,5852824,1
ksol,825,492,2
refers,29001642,4870795,2
tpair,109,49,1
xi,16462070,5968951,4
adequately,10841817,3525201,1
ask,92326874,9092513,1
exist,60331721,7035770,3
somewhat,69242663,8521834,4
also,1038616504,15330403,12
trichotomy,72165,37141,1
implies,22398051,4269671,1
common,232507127,13093518,1
add,71846370,9354451,1
index,57715744,10998560,1
sections,46932420,6679142,1
still,408263128,16277222,11
rather,269938951,12659193,1
notions,14121305,3418367,1
monotone,662265,379490,1
find,274292734,10584531,2
od,2558389,923123,3
mlsf,1065,165,1
similar,168686666,11292962,4
